{"cameraMode":{"drawMode":0,"name":"Shaded","section":"Shading Mode"},"sceneLighting":false,"audioPlay":false,"sceneViewState":{"m_AlwaysRefresh":false,"showFog":true,"showSkybox":false,"showFlares":true,"showImageEffects":true,"showParticleSystems":true,"showVisualEffectGraphs":true,"m_FxEnabled":true},"in2DMode":false,"pivot":{"x":7.670000076293945,"y":0.7253701686859131,"z":-5.729546070098877},"rotation":{"x":-0.10659898817539215,"y":0.011033552698791027,"z":-0.0011831237934529782,"w":-0.994229793548584},"size":0.8660253882408142,"orthographic":false}