{"cameraMode":{"drawMode":0,"name":"Shaded","section":"Shading Mode"},"sceneLighting":false,"audioPlay":false,"sceneViewState":{"m_AlwaysRefresh":false,"showFog":true,"showSkybox":false,"showFlares":true,"showImageEffects":true,"showParticleSystems":true,"showVisualEffectGraphs":true,"m_FxEnabled":true},"in2DMode":false,"pivot":{"x":0.688666582107544,"y":0.05025613307952881,"z":-3.6750400066375734},"rotation":{"x":-0.1234595850110054,"y":0.19717952609062196,"z":-0.025039011612534524,"w":-0.9722321033477783},"size":2.1793482303619386,"orthographic":false}